-- MySQL dump 10.13  Distrib 5.7.22, for Linux (i686)
--
-- Host: localhost    Database: Parejas
-- ------------------------------------------------------
-- Server version	5.7.22-0ubuntu0.16.04.1

/*!40101 SET @OLD_CHARACTER_SET_CLIENT=@@CHARACTER_SET_CLIENT */;
/*!40101 SET @OLD_CHARACTER_SET_RESULTS=@@CHARACTER_SET_RESULTS */;
/*!40101 SET @OLD_COLLATION_CONNECTION=@@COLLATION_CONNECTION */;
/*!40101 SET NAMES utf8 */;
/*!40103 SET @OLD_TIME_ZONE=@@TIME_ZONE */;
/*!40103 SET TIME_ZONE='+00:00' */;
/*!40014 SET @OLD_UNIQUE_CHECKS=@@UNIQUE_CHECKS, UNIQUE_CHECKS=0 */;
/*!40014 SET @OLD_FOREIGN_KEY_CHECKS=@@FOREIGN_KEY_CHECKS, FOREIGN_KEY_CHECKS=0 */;
/*!40101 SET @OLD_SQL_MODE=@@SQL_MODE, SQL_MODE='NO_AUTO_VALUE_ON_ZERO' */;
/*!40111 SET @OLD_SQL_NOTES=@@SQL_NOTES, SQL_NOTES=0 */;

--
-- Table structure for table `BEBEDOR`
--

DROP TABLE IF EXISTS `BEBEDOR`;
/*!40101 SET @saved_cs_client     = @@character_set_client */;
/*!40101 SET character_set_client = utf8 */;
CREATE TABLE `BEBEDOR` (
  `NOMBREB` varchar(20) NOT NULL,
  `DIRECCION` varchar(20) NOT NULL,
  PRIMARY KEY (`NOMBREB`)
) ENGINE=InnoDB DEFAULT CHARSET=latin1;
/*!40101 SET character_set_client = @saved_cs_client */;

--
-- Dumping data for table `BEBEDOR`
--

LOCK TABLES `BEBEDOR` WRITE;
/*!40000 ALTER TABLE `BEBEDOR` DISABLE KEYS */;
INSERT INTO `BEBEDOR` VALUES ('LAURA','DIRLAURA'),('JUAN','DIRJUAN'),('ALAN','DIRALAN'),('CARLOS','DIRCARLOS'),('EDUARDO','DIREDUARDO'),('LUIS','DIRLUIS'),('MARIO','DIRMARIO'),('PABLO','DIRPABLO'),('VICTOR','DIRVICTOR');
/*!40000 ALTER TABLE `BEBEDOR` ENABLE KEYS */;
UNLOCK TABLES;

--
-- Table structure for table `CERVEZA`
--

DROP TABLE IF EXISTS `CERVEZA`;
/*!40101 SET @saved_cs_client     = @@character_set_client */;
/*!40101 SET character_set_client = utf8 */;
CREATE TABLE `CERVEZA` (
  `MARCAC` varchar(20) NOT NULL,
  `GRADO` int(5) NOT NULL,
  `TIPO` varchar(20) NOT NULL,
  PRIMARY KEY (`MARCAC`)
) ENGINE=InnoDB DEFAULT CHARSET=latin1;
/*!40101 SET character_set_client = @saved_cs_client */;

--
-- Dumping data for table `CERVEZA`
--

LOCK TABLES `CERVEZA` WRITE;
/*!40000 ALTER TABLE `CERVEZA` DISABLE KEYS */;
INSERT INTO `CERVEZA` VALUES ('HEINEKEN',5,'LAGER'),('VICTORIA',10,'OSCURA'),('CORONA',5,'CLARA'),('XX',5,'LAGER'),('SOL',6,'CLARA');
/*!40000 ALTER TABLE `CERVEZA` ENABLE KEYS */;
UNLOCK TABLES;

--
-- Table structure for table `BAR`
--

DROP TABLE IF EXISTS `BAR`;
/*!40101 SET @saved_cs_client     = @@character_set_client */;
/*!40101 SET character_set_client = utf8 */;
CREATE TABLE `BAR` (
  `NOMBREBAR` varchar(20) NOT NULL,
  `DOMICILIO` varchar(20) NOT NULL,
  `HORARIO` varchar(20) NOT NULL,
  PRIMARY KEY (`NOMBREBAR`)
) ENGINE=InnoDB DEFAULT CHARSET=latin1;
/*!40101 SET character_set_client = @saved_cs_client */;

--
-- Dumping data for table `BAR`
--

LOCK TABLES `BAR` WRITE;
/*!40000 ALTER TABLE `BAR` DISABLE KEYS */;
INSERT INTO `BAR` VALUES ('VOCA1','DOMVOCA1','2PM-10PM'),('VOCA2','DOMVOCA2','3PM-10PM'),('VOCA3','DOMVOCA3','3PM-12PM'),('VOCA4','DOMVOCA4','4PM-12PM'),('VOCA5','DOMVOCA5','6PM-1AM');
/*!40000 ALTER TABLE `BAR` ENABLE KEYS */;
UNLOCK TABLES;

--
-- Table structure for table `FRECUENTA`
--

DROP TABLE IF EXISTS `FRECUENTA`;
/*!40101 SET @saved_cs_client     = @@character_set_client */;
/*!40101 SET character_set_client = utf8 */;
CREATE TABLE `FRECUENTA` (
  `NOMBREB` varchar(20) NOT NULL,
  `NOMBREBAR` varchar(20) NOT NULL,
  PRIMARY KEY (`NOMBREB`,`NOMBREBAR`),
  KEY `FKBF` (`NOMBREB`),
  CONSTRAINT `FKBF` FOREIGN KEY (`NOMBREB`) REFERENCES `BEBEDOR` (`NOMBREB`) ON DELETE CASCADE ON UPDATE CASCADE,
  CONSTRAINT `FKBARF` FOREIGN KEY (`NOMBREBAR`) REFERENCES `BAR` (`NOMBREBAR`) ON DELETE CASCADE ON UPDATE CASCADE
) ENGINE=InnoDB DEFAULT CHARSET=latin1;
/*!40101 SET character_set_client = @saved_cs_client */;

--
-- Dumping data for table `FRECUENTA`
--

LOCK TABLES `FRECUENTA` WRITE;
/*!40000 ALTER TABLE `FRECUENTA` DISABLE KEYS */;
INSERT INTO `FRECUENTA` VALUES ('JUAN','VOCA1'),('LAURA','VOCA2'),('LAURA','VOCA1'),('LAURA','VOCA3'),('LAURA','VOCA4'),('LAURA','VOCA5');
/*!40000 ALTER TABLE `FRECUENTA` ENABLE KEYS */;
UNLOCK TABLES;

--
-- Table structure for table `SIRVE`
--

DROP TABLE IF EXISTS `SIRVE`;
/*!40101 SET @saved_cs_client     = @@character_set_client */;
/*!40101 SET character_set_client = utf8 */;
CREATE TABLE `SIRVE` (
  `NOMBREBAR` varchar(20) NOT NULL,
  `MARCAC` varchar(20) NOT NULL,
  PRIMARY KEY (`NOMBREBAR`,`MARCAC`),
   KEY `FKMS` (`MARCAC`),
  CONSTRAINT `FKMS` FOREIGN KEY (`MARCAC`) REFERENCES `CERVEZA` (`MARCAC`) ON DELETE CASCADE ON UPDATE CASCADE,
  CONSTRAINT `FKBARS` FOREIGN KEY (`NOMBREBAR`) REFERENCES `BAR` (`NOMBREBAR`) ON DELETE CASCADE ON UPDATE CASCADE
) ENGINE=InnoDB DEFAULT CHARSET=latin1;
/*!40101 SET character_set_client = @saved_cs_client */;

--
-- Dumping data for table `SIRVE`
--

LOCK TABLES `SIRVE` WRITE;
/*!40000 ALTER TABLE `SIRVE` DISABLE KEYS */;
INSERT INTO `SIRVE` VALUES ('VOCA1','VICTORIA'),('VOCA2','SOL'),('VOCA3','CORONA'),('VOCA4','XX'),('VOCA5','HEINEKEN'),('VOCA1','CORONA'),('VOCA3','XX');
/*!40000 ALTER TABLE `SIRVE` ENABLE KEYS */;
UNLOCK TABLES;
/*!40103 SET TIME_ZONE=@OLD_TIME_ZONE */;



DROP TABLE IF EXISTS `LEGUSTA`;
/*!40101 SET @saved_cs_client     = @@character_set_client */;
/*!40101 SET character_set_client = utf8 */;
CREATE TABLE `LEGUSTA` (
  `NOMBREB` varchar(20) NOT NULL,
  `MARCAC` varchar(20) NOT NULL,
  PRIMARY KEY (`NOMBREB`,`MARCAC`),
   KEY `FKML` (`MARCAC`),
  CONSTRAINT `FKML` FOREIGN KEY (`MARCAC`) REFERENCES `CERVEZA` (`MARCAC`) ON DELETE CASCADE ON UPDATE CASCADE,
  CONSTRAINT `FKBARL` FOREIGN KEY (`NOMBREB`) REFERENCES `BEBEDOR` (`NOMBREB`) ON DELETE CASCADE ON UPDATE CASCADE
) ENGINE=InnoDB DEFAULT CHARSET=latin1;
/*!40101 SET character_set_client = @saved_cs_client */;

--
-- Dumping data for table `LEGUSTA`
--

LOCK TABLES `LEGUSTA` WRITE;
/*!40000 ALTER TABLE `LEGUSTA` DISABLE KEYS */;
INSERT INTO `LEGUSTA` VALUES ('LAURA','XX'),('LAURA','HEINEKEN'),('JUAN','VICTORIA'),('ALAN','CORONA'),('LUIS','VICTORIA'),('CARLOS','VICTORIA'),('EDUARDO','CORONA'),('MARIO','SOL'),('PABLO','SOL'),('VICTOR','XX');
/*!40000 ALTER TABLE `LEGUSTA` ENABLE KEYS */;
UNLOCK TABLES;
/*!40103 SET TIME_ZONE=@OLD_TIME_ZONE */;

/*!40101 SET SQL_MODE=@OLD_SQL_MODE */;
/*!40014 SET FOREIGN_KEY_CHECKS=@OLD_FOREIGN_KEY_CHECKS */;
/*!40014 SET UNIQUE_CHECKS=@OLD_UNIQUE_CHECKS */;
/*!40101 SET CHARACTER_SET_CLIENT=@OLD_CHARACTER_SET_CLIENT */;
/*!40101 SET CHARACTER_SET_RESULTS=@OLD_CHARACTER_SET_RESULTS */;
/*!40101 SET COLLATION_CONNECTION=@OLD_COLLATION_CONNECTION */;
/*!40111 SET SQL_NOTES=@OLD_SQL_NOTES */;

-- Dump completed on 2018-05-21  7:27:44
